{
  "_fv": 66,
  "_type": "recipe",
  "definition": {
    "recipeType": "Brewing",
    "recipeRetstackSize": 1,
    "group": "",
    "cookingBookCategory": "MISC",
    "xpReward": 0.0,
    "cookingTime": 200,
    "craftingBookCategory": "MISC",
    "recipeShapeless": false,
    "brewingInputStack": {
      "value": "CUSTOM:BoneNeedle"
    },
    "brewingIngredientStack": {
      "value": "Items.GOLD_INGOT"
    },
    "brewingReturnStack": {
      "value": "CUSTOM:AbsorptionNeedle"
    },
    "name": "absorption_needle_recipe",
    "namespace": "mod"
  }
}