{
  "_fv": 66,
  "_type": "achievement",
  "definition": {
    "achievementName": "A Comforting Light",
    "achievementDescription": "Obtain a ferryman's lantern, a lantern that doesn't break in darkness, but that doesn't scare off the stalker",
    "achievementIcon": {
      "value": "CUSTOM:FerrymanLantern"
    },
    "background": "Default",
    "disableDisplay": false,
    "showPopup": true,
    "announceToChat": true,
    "hideIfNotCompleted": false,
    "rewardLoot": [],
    "rewardRecipes": [],
    "rewardFunction": "No function",
    "rewardXP": 15,
    "achievementType": "task",
    "parent": {
      "value": "CUSTOM:IsItAmethyst"
    },
    "triggerxml": "<xml xmlns=\"https://developers.google.com/blockly/xml\"><block type=\"advancement_trigger\" deletable=\"false\" x=\"40\" y=\"80\"><next><block type=\"item_in_inventory\"><value name=\"amount_l\"><block type=\"math_number\"><field name=\"NUM\">1</field></block></value><value name=\"amount_h\"><block type=\"math_number\"><field name=\"NUM\">999</field></block></value><value name=\"item\"><block type=\"mcitem_all\"><field name=\"value\">CUSTOM:FerrymanLantern</field></block></value></block></next></block></xml>"
  }
}