{
  "_fv": 66,
  "_type": "tool",
  "definition": {
    "toolType": "Sword",
    "renderType": 0,
    "blockingRenderType": 0,
    "texture": "ancient_sword",
    "customModelName": "Normal",
    "blockingModelName": "Normal blocking",
    "name": "All-Seeing Sword",
    "specialInformation": {
      "fixedValue": [
        "§7Right click on an entity to pass your pain onto them, sacrificing your health based on a quarter of your opponent's current health and some durability",
        "§7Each hit makes the sword swing faster"
      ]
    },
    "creativeTabs": [
      {
        "value": "CUSTOM:TheDeepVoid"
      }
    ],
    "efficiency": 8.0,
    "attackSpeed": 1.5999999999999999,
    "enchantability": 10,
    "damageVsEntity": 7.0,
    "usageCount": 460,
    "glowCondition": {
      "fixedValue": false
    },
    "repairItems": [
      {
        "value": "CUSTOM:RefinedCinnabar"
      }
    ],
    "immuneToFire": true,
    "blockDropsTier": "DIAMOND",
    "blocksAffected": [],
    "stayInGridWhenCrafting": false,
    "damageOnCrafting": false
  }
}