{
  "_fv": 66,
  "_type": "tool",
  "definition": {
    "toolType": "Hoe",
    "renderType": 0,
    "blockingRenderType": 0,
    "texture": "ancient_hoe",
    "customModelName": "Normal",
    "blockingModelName": "Normal blocking",
    "name": "All-Seeing Hoe",
    "specialInformation": {
      "fixedValue": []
    },
    "creativeTabs": [
      {
        "value": "CUSTOM:TheDeepVoid"
      }
    ],
    "efficiency": 8.0,
    "attackSpeed": 4.0,
    "enchantability": 10,
    "damageVsEntity": 1.0,
    "usageCount": 460,
    "glowCondition": {
      "fixedValue": false
    },
    "repairItems": [
      {
        "value": "CUSTOM:RefinedCinnabar"
      }
    ],
    "immuneToFire": true,
    "blockDropsTier": "DIAMOND",
    "blocksAffected": [],
    "stayInGridWhenCrafting": false,
    "damageOnCrafting": false
  }
}