{
  "_fv": 66,
  "_type": "loottable",
  "definition": {
    "type": "Entity",
    "pools": [
      {
        "minrolls": 1,
        "maxrolls": 5,
        "minbonusrolls": 2,
        "maxbonusrolls": 5,
        "hasbonusrolls": true,
        "entries": [
          {
            "type": "item",
            "item": {
              "value": "Items.BONE"
            },
            "weight": 100,
            "minCount": 4,
            "maxCount": 12,
            "minEnchantmentLevel": 0,
            "maxEnchantmentLevel": 0,
            "affectedByFortune": false,
            "explosionDecay": false,
            "silkTouchMode": 0
          },
          {
            "type": "item",
            "item": {
              "value": "CUSTOM:FleshBlock"
            },
            "weight": 100,
            "minCount": 4,
            "maxCount": 12,
            "minEnchantmentLevel": 0,
            "maxEnchantmentLevel": 0,
            "affectedByFortune": false,
            "explosionDecay": false,
            "silkTouchMode": 0
          },
          {
            "type": "item",
            "item": {
              "value": "CUSTOM:RottenBone"
            },
            "weight": 100,
            "minCount": 2,
            "maxCount": 10,
            "minEnchantmentLevel": 0,
            "maxEnchantmentLevel": 0,
            "affectedByFortune": false,
            "explosionDecay": false,
            "silkTouchMode": 0
          },
          {
            "type": "item",
            "item": {
              "value": "CUSTOM:TeethBlock"
            },
            "weight": 100,
            "minCount": 4,
            "maxCount": 12,
            "minEnchantmentLevel": 0,
            "maxEnchantmentLevel": 0,
            "affectedByFortune": false,
            "explosionDecay": false,
            "silkTouchMode": 0
          },
          {
            "type": "item",
            "item": {
              "value": "CUSTOM:Onyx"
            },
            "weight": 100,
            "minCount": 1,
            "maxCount": 12,
            "minEnchantmentLevel": 0,
            "maxEnchantmentLevel": 0,
            "affectedByFortune": false,
            "explosionDecay": false,
            "silkTouchMode": 0
          },
          {
            "type": "item",
            "item": {
              "value": "CUSTOM:FleshChunk"
            },
            "weight": 100,
            "minCount": 2,
            "maxCount": 8,
            "minEnchantmentLevel": 0,
            "maxEnchantmentLevel": 0,
            "affectedByFortune": false,
            "explosionDecay": false,
            "silkTouchMode": 0
          }
        ]
      }
    ],
    "name": "entities/amalgam",
    "namespace": "mod"
  }
}