{
  "_fv": 66,
  "_type": "recipe",
  "definition": {
    "recipeType": "Stone cutting",
    "recipeRetstackSize": 2,
    "group": "",
    "cookingBookCategory": "MISC",
    "xpReward": 0.0,
    "cookingTime": 200,
    "craftingBookCategory": "BUILDING",
    "recipeShapeless": false,
    "stoneCuttingInputStack": {
      "value": "CUSTOM:AncientDeepslateBricks"
    },
    "stoneCuttingReturnStack": {
      "value": "CUSTOM:AncientDeepslateBrickSlab"
    },
    "name": "ancient_deepslate_brick_slab_stone_cutter",
    "namespace": "mod"
  }
}