{
  "_fv": 66,
  "_type": "recipe",
  "definition": {
    "recipeType": "Smelting",
    "recipeRetstackSize": 1,
    "group": "",
    "cookingBookCategory": "BLOCKS",
    "xpReward": 0.1,
    "cookingTime": 120,
    "craftingBookCategory": "BUILDING",
    "recipeShapeless": false,
    "smeltingInputStack": {
      "value": "CUSTOM:CobbledAncientDeepslate"
    },
    "smeltingReturnStack": {
      "value": "CUSTOM:AncientDeepslate"
    },
    "name": "ancient_deepslate",
    "namespace": "mod"
  }
}