{
  "_fv": 66,
  "_type": "tool",
  "definition": {
    "toolType": "Sword",
    "renderType": 0,
    "blockingRenderType": 0,
    "texture": "animosity",
    "customModelName": "Normal",
    "blockingModelName": "Normal blocking",
    "name": "§c§l§kFLESH §c§lAnimosity §c§l§kFLESH",
    "specialInformation": {
      "fixedValue": [
        "§7The first hit on an entity deals 2x more damage, 2.5x for players. This resets if the player dies",
        "§7Deals 1.5x more damage to players",
        "§7Hides the name of both the killer and the victim",
        "§7Right clicking will transform the sword into a fake diamond sword"
      ]
    },
    "creativeTabs": [
      {
        "value": "CUSTOM:TheDeepVoid"
      }
    ],
    "efficiency": 9.0,
    "attackSpeed": 1.5999999999999999,
    "enchantability": 10,
    "damageVsEntity": 8.0,
    "usageCount": 0,
    "glowCondition": {
      "fixedValue": false
    },
    "repairItems": [],
    "immuneToFire": true,
    "blockDropsTier": "DIAMOND",
    "blocksAffected": [],
    "stayInGridWhenCrafting": false,
    "damageOnCrafting": false,
    "onRightClickedInAir": {
      "name": "AnimosityRightclicked"
    }
  }
}