{
  "_fv": 66,
  "_type": "recipe",
  "definition": {
    "recipeType": "Crafting",
    "recipeRetstackSize": 1,
    "group": "",
    "cookingBookCategory": "MISC",
    "xpReward": 0.0,
    "cookingTime": 200,
    "craftingBookCategory": "EQUIPMENT",
    "recipeShapeless": false,
    "recipeSlots": [
      {
        "value": ""
      },
      {
        "value": "CUSTOM:HardFleshIngot"
      },
      {
        "value": ""
      },
      {
        "value": "CUSTOM:EyeTendons"
      },
      {
        "value": "CUSTOM:HardFleshIngot"
      },
      {
        "value": "CUSTOM:EyeTendons"
      },
      {
        "value": "CUSTOM:RottenBone"
      },
      {
        "value": "Items.DIAMOND_SWORD"
      },
      {
        "value": "CUSTOM:RottenBone"
      }
    ],
    "recipeReturnStack": {
      "value": "CUSTOM:Animosity"
    },
    "name": "animosity",
    "namespace": "mod"
  }
}