{
  "_fv": 66,
  "_type": "feature",
  "definition": {
    "skipPlacement": false,
    "generationStep": "VEGETAL_DECORATION",
    "restrictionBiomes": [
      {
        "value": "CUSTOM:WindsweptHollow"
      }
    ],
    "featurexml": "<xml xmlns=\"https://developers.google.com/blockly/xml\"><block type=\"feature_container\" deletable=\"false\" x=\"40\" y=\"40\"><value name=\"feature\"><block type=\"feature_custom_structure\"><field name=\"structure\">watching_willow1_void</field><field name=\"x\">0</field><field name=\"y\">0</field><field name=\"z\">0</field><field name=\"random_rotation\">TRUE</field><field name=\"random_mirror\">TRUE</field><value name=\"ignored_blocks\"><block type=\"block_holderset_list\"><mutation xmlns=\"http://www.w3.org/1999/xhtml\" inputs=\"2\"></mutation><field name=\"block0\">Blocks.AIR</field><field name=\"block1\">Blocks.STRUCTURE_BLOCK</field></block></value></block></value><next><block type=\"placement_rarity\"><field name=\"rarity\">5</field><next><block type=\"placement_in_square\"><next><block type=\"placement_heightmap\"><field name=\"heightmap\">OCEAN_FLOOR_WG</field><next><block type=\"placement_count\"><value name=\"count\"><block type=\"int_provider_uniform\"><field name=\"min\">0</field><field name=\"max\">1</field></block></value><next><block type=\"placement_block_predicate_filter\"><value name=\"condition\"><block type=\"block_predicate_all_of\"><mutation xmlns=\"http://www.w3.org/1999/xhtml\" inputs=\"6\"></mutation><value name=\"condition0\"><block type=\"block_predicate_is_air\"></block></value><value name=\"condition1\"><block type=\"block_predicate_matching_blocks\"><field name=\"x\">0</field><field name=\"y\">-1</field><field name=\"z\">0</field><value name=\"blockSet\"><block type=\"block_holderset_list\"><mutation xmlns=\"http://www.w3.org/1999/xhtml\" inputs=\"1\"></mutation><field name=\"block0\">CUSTOM:AshBlock</field></block></value></block></value><value name=\"condition2\"><block type=\"block_predicate_matching_blocks\"><field name=\"x\">2</field><field name=\"y\">-1</field><field name=\"z\">0</field><value name=\"blockSet\"><block type=\"block_holderset_list\"><mutation xmlns=\"http://www.w3.org/1999/xhtml\" inputs=\"1\"></mutation><field name=\"block0\">CUSTOM:AshBlock</field></block></value></block></value><value name=\"condition3\"><block type=\"block_predicate_matching_blocks\"><field name=\"x\">-2</field><field name=\"y\">-1</field><field name=\"z\">0</field><value name=\"blockSet\"><block type=\"block_holderset_list\"><mutation xmlns=\"http://www.w3.org/1999/xhtml\" inputs=\"1\"></mutation><field name=\"block0\">CUSTOM:AshBlock</field></block></value></block></value><value name=\"condition4\"><block type=\"block_predicate_matching_blocks\"><field name=\"x\">0</field><field name=\"y\">-1</field><field name=\"z\">2</field><value name=\"blockSet\"><block type=\"block_holderset_list\"><mutation xmlns=\"http://www.w3.org/1999/xhtml\" inputs=\"1\"></mutation><field name=\"block0\">CUSTOM:AshBlock</field></block></value></block></value><value name=\"condition5\"><block type=\"block_predicate_matching_blocks\"><field name=\"x\">0</field><field name=\"y\">-1</field><field name=\"z\">-2</field><value name=\"blockSet\"><block type=\"block_holderset_list\"><mutation xmlns=\"http://www.w3.org/1999/xhtml\" inputs=\"1\"></mutation><field name=\"block0\">CUSTOM:AshBlock</field></block></value></block></value></block></value></block></next></block></next></block></next></block></next></block></next></block></xml>"
  }
}