{
  "_fv": 66,
  "_type": "plant",
  "definition": {
    "renderType": 12,
    "texture": "ashen_void_fern_new",
    "textureBottom": "",
    "customModelName": "Cross model",
    "itemTexture": "",
    "particleTexture": "",
    "tintType": "No tint",
    "isItemTinted": false,
    "plantType": "normal",
    "suspiciousStewEffect": "SPEED",
    "suspiciousStewDuration": 100,
    "growapableSpawnType": "Cave",
    "growapableMaxHeight": 3,
    "customBoundingBox": false,
    "disableOffset": false,
    "boundingBoxes": [
      {
        "mx": 0.0,
        "my": 0.0,
        "mz": 0.0,
        "Mx": 16.0,
        "My": 16.0,
        "Mz": 16.0,
        "subtract": false
      }
    ],
    "name": "Ashen Void Fern",
    "specialInformation": {
      "fixedValue": []
    },
    "creativeTabs": [
      {
        "value": "CUSTOM:TheDeepVoid"
      }
    ],
    "hardness": 0.5,
    "resistance": 0.5,
    "luminance": 0,
    "unbreakable": false,
    "isSolid": false,
    "isCustomSoundType": false,
    "soundOnStep": {
      "value": "NETHER_VINE_LOWER_PITCH"
    },
    "breakSound": {
      "value": ""
    },
    "stepSound": {
      "value": ""
    },
    "placeSound": {
      "value": ""
    },
    "hitSound": {
      "value": ""
    },
    "fallSound": {
      "value": ""
    },
    "useLootTableForDrops": false,
    "customDrop": {
      "value": "Blocks.AIR"
    },
    "dropAmount": 1,
    "forceTicking": false,
    "emissiveRendering": false,
    "hasTileEntity": false,
    "isReplaceable": true,
    "colorOnMap": "DEFAULT",
    "creativePickItem": {
      "value": ""
    },
    "offsetType": "XZ",
    "aiPathNodeType": "DEFAULT",
    "flammability": 0,
    "fireSpreadSpeed": 0,
    "jumpFactor": 1.0,
    "speedFactor": 1.0,
    "canBePlacedOn": [
      {
        "value": "CUSTOM:AncientDeepslate"
      },
      {
        "value": "Blocks.COBBLED_DEEPSLATE"
      },
      {
        "value": "Blocks.DEEPSLATE"
      },
      {
        "value": "CUSTOM:BlockOfBonePile"
      },
      {
        "value": "CUSTOM:MossyBonePile"
      },
      {
        "value": "CUSTOM:AshBlock"
      }
    ],
    "isBonemealable": false,
    "frequencyOnChunks": 5,
    "generateFeature": true,
    "restrictionBiomes": [
      {
        "value": "CUSTOM:WindsweptHollow"
      },
      {
        "value": "CUSTOM:AshenCrags"
      },
      {
        "value": "CUSTOM:DriftingMonoliths"
      }
    ],
    "generationType": "Flower",
    "patchSize": 5,
    "generateAtAnyHeight": false
  }
}