{
  "_fv": 66,
  "_type": "biome",
  "definition": {
    "name": "Ashen Crags",
    "groundBlock": {
      "value": "CUSTOM:AncientDeepslate"
    },
    "undergroundBlock": {
      "value": "Blocks.DEEPSLATE"
    },
    "underwaterBlock": {
      "value": "Blocks.COBBLED_DEEPSLATE"
    },
    "airColor": {
      "value": -16777216,
      "falpha": 0.0
    },
    "grassColor": {
      "value": -14211547,
      "falpha": 0.0
    },
    "foliageColor": {
      "value": -14211547,
      "falpha": 0.0
    },
    "waterColor": {
      "value": -16777216,
      "falpha": 0.0
    },
    "waterFogColor": {
      "value": -16777216,
      "falpha": 0.0
    },
    "ambientSound": {
      "value": "ambient.soul_sand_valley.loop"
    },
    "additionsSound": {
      "value": ""
    },
    "music": {
      "value": "CUSTOM:lurking_monst3r_music"
    },
    "moodSound": {
      "value": ""
    },
    "moodSoundDelay": 6000,
    "spawnParticles": true,
    "particleToSpawn": {
      "value": "ASH"
    },
    "particlesProbability": 5.0,
    "rainingPossibility": 0.0,
    "temperature": 1.2,
    "spawnBiome": false,
    "spawnInCaves": false,
    "spawnBiomeNether": false,
    "genTemperature": {
      "min": -0.5,
      "max": 1.5
    },
    "genHumidity": {
      "min": -0.8,
      "max": 2.0
    },
    "genContinentalness": {
      "min": 0.5,
      "max": 0.7
    },
    "genErosion": {
      "min": -0.5,
      "max": -0.1
    },
    "genWeirdness": {
      "min": -0.0075,
      "max": 0.0
    },
    "treesPerChunk": 0,
    "vanillaTreeType": "Default",
    "treeType": 0,
    "minHeight": 7,
    "treeStem": {
      "value": ""
    },
    "treeBranch": {
      "value": ""
    },
    "treeVines": {
      "value": ""
    },
    "treeFruits": {
      "value": ""
    },
    "defaultFeatures": [],
    "spawnStronghold": false,
    "spawnMineshaft": false,
    "spawnMineshaftMesa": false,
    "spawnPillagerOutpost": false,
    "villageType": "none",
    "spawnWoodlandMansion": false,
    "spawnJungleTemple": false,
    "spawnDesertPyramid": false,
    "spawnSwampHut": false,
    "spawnIgloo": false,
    "spawnOceanMonument": false,
    "spawnShipwreck": false,
    "spawnShipwreckBeached": false,
    "spawnBuriedTreasure": false,
    "oceanRuinType": "NONE",
    "spawnNetherBridge": false,
    "spawnNetherFossil": false,
    "spawnBastionRemnant": false,
    "spawnEndCity": false,
    "spawnRuinedPortal": "NONE",
    "spawnEntries": []
  }
}