{
  "_fv": 66,
  "_type": "feature",
  "definition": {
    "skipPlacement": false,
    "generationStep": "LOCAL_MODIFICATIONS",
    "restrictionBiomes": [
      {
        "value": "CUSTOM:GrimCanopy"
      },
      {
        "value": "CUSTOM:AshenCrags"
      },
      {
        "value": "CUSTOM:MourningGraveyard"
      },
      {
        "value": "CUSTOM:DriftingMonoliths"
      },
      {
        "value": "CUSTOM:WatchingUndergrowth"
      },
      {
        "value": "CUSTOM:GatheringGrounds"
      }
    ],
    "featurexml": "<xml xmlns=\"https://developers.google.com/blockly/xml\"><block type=\"feature_container\" deletable=\"false\" x=\"40\" y=\"40\"><value name=\"feature\"><block type=\"feature_delta\"><value name=\"contents\"><block type=\"blockstate_selector\"><mutation xmlns=\"http://www.w3.org/1999/xhtml\" inputs=\"0\"></mutation><field name=\"block\">CUSTOM:BlockOfBonePile</field></block></value><value name=\"rim\"><block type=\"blockstate_selector\"><mutation xmlns=\"http://www.w3.org/1999/xhtml\" inputs=\"0\"></mutation><field name=\"block\">CUSTOM:BlockOfBonePile</field></block></value><value name=\"size\"><block type=\"int_provider_uniform\"><field name=\"min\">6</field><field name=\"max\">16</field></block></value><value name=\"rimSize\"><block type=\"int_provider_uniform\"><field name=\"min\">2</field><field name=\"max\">8</field></block></value></block></value><next><block type=\"placement_biome_filter\"><next><block type=\"placement_in_square\"><next><block type=\"placement_rarity\"><field name=\"rarity\">2</field><next><block type=\"placement_heightmap\"><field name=\"heightmap\">OCEAN_FLOOR_WG</field><next><block type=\"placement_count\"><value name=\"count\"><block type=\"int_provider_uniform\"><field name=\"min\">1</field><field name=\"max\">4</field></block></value></block></next></block></next></block></next></block></next></block></next></block></xml>"
  }
}