{
  "_fv": 66,
  "_type": "plant",
  "definition": {
    "renderType": 2,
    "texture": "void_ash_block",
    "textureBottom": "",
    "customModelName": "ash_pile:default",
    "itemTexture": "void_ash",
    "particleTexture": "void_ash_block",
    "tintType": "No tint",
    "isItemTinted": false,
    "plantType": "normal",
    "suspiciousStewEffect": "SPEED",
    "suspiciousStewDuration": 100,
    "growapableSpawnType": "Cave",
    "growapableMaxHeight": 3,
    "customBoundingBox": true,
    "disableOffset": false,
    "boundingBoxes": [
      {
        "mx": 0.0,
        "my": 0.0,
        "mz": 0.0,
        "Mx": 16.0,
        "My": 1.0,
        "Mz": 16.0,
        "subtract": false
      }
    ],
    "name": "Void Ash",
    "specialInformation": {
      "fixedValue": []
    },
    "creativeTabs": [
      {
        "value": "CUSTOM:TheDeepVoid"
      }
    ],
    "hardness": 0.2,
    "resistance": 0.0,
    "luminance": 0,
    "unbreakable": false,
    "isSolid": false,
    "isCustomSoundType": false,
    "soundOnStep": {
      "value": "SOUL_SOIL"
    },
    "breakSound": {
      "value": ""
    },
    "stepSound": {
      "value": ""
    },
    "placeSound": {
      "value": ""
    },
    "hitSound": {
      "value": ""
    },
    "fallSound": {
      "value": ""
    },
    "useLootTableForDrops": false,
    "customDrop": {
      "value": ""
    },
    "dropAmount": 1,
    "forceTicking": false,
    "emissiveRendering": false,
    "hasTileEntity": false,
    "isReplaceable": true,
    "colorOnMap": "DEFAULT",
    "creativePickItem": {
      "value": ""
    },
    "offsetType": "NONE",
    "aiPathNodeType": "DEFAULT",
    "flammability": 0,
    "fireSpreadSpeed": 0,
    "jumpFactor": 1.0,
    "speedFactor": 1.0,
    "canBePlacedOn": [],
    "isBonemealable": false,
    "frequencyOnChunks": 15,
    "generateFeature": true,
    "restrictionBiomes": [
      {
        "value": "CUSTOM:AshenCrags"
      },
      {
        "value": "CUSTOM:WindsweptHollow"
      },
      {
        "value": "CUSTOM:WatchingUndergrowth"
      }
    ],
    "generationType": "Grass",
    "patchSize": 45,
    "generateAtAnyHeight": false
  }
}