{
  "_fv": 66,
  "_type": "achievement",
  "definition": {
    "achievementName": "At Least I'm Not Dead",
    "achievementDescription": "Enter the Deep Void by falling in the void while in the End",
    "achievementIcon": {
      "value": "Items.ENDER_PEARL"
    },
    "background": "Default",
    "disableDisplay": false,
    "showPopup": true,
    "announceToChat": true,
    "hideIfNotCompleted": false,
    "rewardLoot": [],
    "rewardRecipes": [],
    "rewardFunction": "No function",
    "rewardXP": 0,
    "achievementType": "challenge",
    "parent": {
      "value": "CUSTOM:TheDeepVoidAdvancement"
    },
    "triggerxml": "<?xml version=\"1.0\" encoding=\"UTF-8\" standalone=\"no\"?><xml xmlns=\"https://developers.google.com/blockly/xml\"><block deletable=\"false\" type=\"advancement_trigger\" x=\"40\" y=\"80\"><next><block type=\"custom_trigger\" x=\"17\" y=\"48\"/></next></block></xml>"
  }
}