{
  "_fv": 66,
  "_type": "recipe",
  "definition": {
    "recipeType": "Crafting",
    "recipeRetstackSize": 1,
    "group": "",
    "cookingBookCategory": "MISC",
    "xpReward": 0.0,
    "cookingTime": 200,
    "craftingBookCategory": "REDSTONE",
    "recipeShapeless": false,
    "recipeSlots": [
      {
        "value": "CUSTOM:SmoothAncientDeepslate"
      },
      {
        "value": "CUSTOM:SmoothAncientDeepslate"
      },
      {
        "value": "CUSTOM:SmoothAncientDeepslate"
      },
      {
        "value": "Blocks.REDSTONE_BLOCK"
      },
      {
        "value": "CUSTOM:VoidFilledSponge"
      },
      {
        "value": "Blocks.REDSTONE_BLOCK"
      },
      {
        "value": "CUSTOM:SmoothAncientDeepslate"
      },
      {
        "value": "CUSTOM:SmoothAncientDeepslate"
      },
      {
        "value": "CUSTOM:SmoothAncientDeepslate"
      }
    ],
    "recipeReturnStack": {
      "value": "CUSTOM:Attractor"
    },
    "name": "attractor",
    "namespace": "mod"
  }
}