{
  "_fv": 66,
  "_type": "animatedentity",
  "definition": {
    "mobName": "Big Eye",
    "mobLabel": "",
    "mobModelTexture": "bigeye.png",
    "mobModelGlowTexture": "eyes4.png",
    "visualScale": {
      "fixedValue": 1.0
    },
    "boundingBoxScale": {
      "fixedValue": 1.0
    },
    "entityDataEntries": [],
    "modelWidth": 0.6,
    "modelHeight": 1.8,
    "modelShadowSize": 0.0,
    "mountedYOffset": 0.0,
    "stepHeight": 0.0,
    "hasSpawnEgg": false,
    "spawnEggBaseColor": {
      "value": -15396334,
      "falpha": 0.0
    },
    "spawnEggDotColor": {
      "value": -1,
      "falpha": 0.0
    },
    "creativeTabs": [
      {
        "value": "CUSTOM:TheDeepVoid"
      }
    ],
    "isBoss": false,
    "bossBarColor": "PINK",
    "bossBarType": "PROGRESS",
    "equipmentMainHand": {
      "value": ""
    },
    "equipmentOffHand": {
      "value": ""
    },
    "equipmentHelmet": {
      "value": ""
    },
    "equipmentBody": {
      "value": ""
    },
    "equipmentLeggings": {
      "value": ""
    },
    "equipmentBoots": {
      "value": ""
    },
    "mobBehaviourType": "Mob",
    "mobCreatureType": "UNDEFINED",
    "attackStrength": 0,
    "attackKnockback": 0.0,
    "knockbackResistance": 0.0,
    "movementSpeed": 0.1,
    "armorBaseValue": 0.0,
    "trackingRange": 65,
    "followRange": 45,
    "health": 1,
    "xpAmount": 0,
    "waterMob": false,
    "flyingMob": false,
    "guiBoundTo": "<NONE>",
    "inventorySize": 9,
    "inventoryStackSize": 64,
    "deathTime": 20,
    "lerp": 4,
    "disableCollisions": false,
    "ridable": false,
    "canControlForward": false,
    "canControlStrafe": false,
    "immuneToFire": false,
    "immuneToArrows": false,
    "immuneToFallDamage": true,
    "immuneToCactus": false,
    "immuneToDrowning": true,
    "immuneToLightning": false,
    "immuneToPotions": false,
    "immuneToPlayer": false,
    "immuneToExplosion": false,
    "immuneToTrident": false,
    "immuneToAnvil": false,
    "immuneToWither": false,
    "immuneToDragonBreath": false,
    "mobDrop": {
      "value": ""
    },
    "livingSound": {
      "value": ""
    },
    "hurtSound": {
      "value": "entity.generic.hurt"
    },
    "deathSound": {
      "value": "entity.generic.death"
    },
    "stepSound": {
      "value": ""
    },
    "raidCelebrationSound": {
      "value": ""
    },
    "whenMobIsHurt": {
      "name": "DamnedEntityIsHurt"
    },
    "onMobTickUpdate": {
      "name": "DamnedOnEntityTickUpdate"
    },
    "onPlayerCollidesWith": {
      "name": "DamnedEntityIsHurt"
    },
    "onInitialSpawn": {
      "name": "DamnedOnInitialEntitySpawn"
    },
    "hasAI": true,
    "aiBase": "(none)",
    "aixml": "<xml xmlns=\"https://developers.google.com/blockly/xml\"><block type=\"aitasks_container\" deletable=\"false\" x=\"40\" y=\"40\"><next><block type=\"wander\"><field name=\"speed\">0.1</field><field name=\"condition\">null,null</field><next><block type=\"watch_closest_entity\"><field name=\"entity\">EntityPlayer</field><field name=\"radius\">50</field><field name=\"condition\">null,null</field><next><block type=\"look_around\"><field name=\"condition\">null,null</field><next><block type=\"attack_with_range\"><field name=\"range\">2.3</field><field name=\"speed\">1</field><field name=\"longmemory\">FALSE</field><field name=\"condition\">null,null</field></block></next></block></next></block></next></block></next></block></xml>",
    "model": "bigeye.geo.json",
    "groupName": "head",
    "animation1": "animation.bigEye_idle",
    "animation2": "",
    "animation3": "",
    "animation4": "",
    "animation5": "",
    "animation6": "",
    "animation7": "",
    "animation8": "",
    "animation9": "",
    "animation10": "",
    "enable2": false,
    "enable3": false,
    "enable4": false,
    "enable5": false,
    "enable6": false,
    "enable7": false,
    "enable8": false,
    "enable9": false,
    "enable10": false,
    "breedable": false,
    "tameable": false,
    "disableDeathRotation": false,
    "headMovement": true,
    "eyeHeight": false,
    "breedTriggerItems": [],
    "ranged": false,
    "rangedAttackItem": {
      "value": ""
    },
    "rangedItemType": "Default item",
    "rangedAttackInterval": 20,
    "rangedAttackRadius": 10.0,
    "height": 0.0,
    "raidSpawnsCount": [
      4,
      3,
      3,
      4,
      4,
      4,
      2
    ],
    "spawnThisMob": true,
    "doesDespawnWhenIdle": true,
    "spawningCondition": {
      "name": "DamnedNaturalEntitySpawningCondition"
    },
    "spawningProbability": 2,
    "mobSpawningType": "monster",
    "minNumberOfMobsPerGroup": 1,
    "maxNumberOfMobsPerGroup": 1,
    "restrictionBiomes": [
      {
        "value": "CUSTOM:ForgottenValley"
      },
      {
        "value": "CUSTOM:GrimCanopy"
      },
      {
        "value": "CUSTOM:AshenCrags"
      },
      {
        "value": "CUSTOM:MourningGraveyard"
      },
      {
        "value": "CUSTOM:WindsweptHollow"
      },
      {
        "value": "CUSTOM:WatchingUndergrowth"
      }
    ],
    "spawnInDungeons": false
  }
}