{
  "_fv": 66,
  "_type": "animatedentity",
  "definition": {
    "mobName": "Big Overseer Attack",
    "mobLabel": "",
    "mobModelTexture": "overseernew.png",
    "mobModelGlowTexture": "",
    "visualScale": {
      "fixedValue": 1.0
    },
    "boundingBoxScale": {
      "fixedValue": 1.0
    },
    "entityDataEntries": [],
    "modelWidth": 1.0,
    "modelHeight": 3.0,
    "modelShadowSize": 0.0,
    "mountedYOffset": 0.0,
    "stepHeight": 0.6,
    "hasSpawnEgg": false,
    "spawnEggBaseColor": {
      "value": -15460839,
      "falpha": 0.0
    },
    "spawnEggDotColor": {
      "value": -14216943,
      "falpha": 0.0
    },
    "creativeTabs": [
      {
        "value": "CUSTOM:TheDeepVoid"
      }
    ],
    "isBoss": false,
    "bossBarColor": "PINK",
    "bossBarType": "PROGRESS",
    "equipmentMainHand": {
      "value": ""
    },
    "equipmentOffHand": {
      "value": ""
    },
    "equipmentHelmet": {
      "value": ""
    },
    "equipmentBody": {
      "value": ""
    },
    "equipmentLeggings": {
      "value": ""
    },
    "equipmentBoots": {
      "value": ""
    },
    "mobBehaviourType": "Mob",
    "mobCreatureType": "UNDEFINED",
    "attackStrength": 7,
    "attackKnockback": 0.0,
    "knockbackResistance": 999.0,
    "movementSpeed": 0.28,
    "armorBaseValue": 15.0,
    "trackingRange": 64,
    "followRange": 20,
    "health": 35,
    "xpAmount": 8,
    "waterMob": false,
    "flyingMob": false,
    "guiBoundTo": "<NONE>",
    "inventorySize": 9,
    "inventoryStackSize": 64,
    "deathTime": 20,
    "lerp": 4,
    "disableCollisions": false,
    "ridable": false,
    "canControlForward": false,
    "canControlStrafe": false,
    "immuneToFire": true,
    "immuneToArrows": true,
    "immuneToFallDamage": true,
    "immuneToCactus": true,
    "immuneToDrowning": true,
    "immuneToLightning": false,
    "immuneToPotions": true,
    "immuneToPlayer": false,
    "immuneToExplosion": false,
    "immuneToTrident": false,
    "immuneToAnvil": false,
    "immuneToWither": true,
    "immuneToDragonBreath": true,
    "mobDrop": {
      "value": ""
    },
    "livingSound": {
      "value": ""
    },
    "hurtSound": {
      "value": "block.deepslate.hit"
    },
    "deathSound": {
      "value": "CUSTOM:falling_rocks"
    },
    "stepSound": {
      "value": "intentionally_empty"
    },
    "raidCelebrationSound": {
      "value": ""
    },
    "whenMobDies": {
      "name": "OverseerEntityDies"
    },
    "hasAI": true,
    "aiBase": "(none)",
    "aixml": "<xml xmlns=\"https://developers.google.com/blockly/xml\"><block type=\"aitasks_container\" deletable=\"false\" x=\"40\" y=\"40\"><next><block type=\"attack_with_range\"><field name=\"range\">4</field><field name=\"speed\">1.2</field><field name=\"longmemory\">TRUE</field><field name=\"condition\">null,null</field><next><block type=\"attack_action\"><field name=\"callhelp\">FALSE</field><field name=\"condition\">null,null</field><next><block type=\"wander\"><field name=\"speed\">1</field><field name=\"condition\">null,null</field><next><block type=\"attack_entity\"><field name=\"insight\">FALSE</field><field name=\"nearby\">FALSE</field><field name=\"entity\">EntityPlayer</field><field name=\"condition\">null,null</field><next><block type=\"attack_entity\"><field name=\"insight\">FALSE</field><field name=\"nearby\">FALSE</field><field name=\"entity\">EntityPlayerMP</field><field name=\"condition\">null,null</field></block></next></block></next></block></next></block></next></block></next></block></xml>",
    "model": "overseer3blocks.geo.json",
    "groupName": "",
    "animation1": "animation.overseer3Blocks_idle",
    "animation2": "animation.overseer3Blocks_walk",
    "animation3": "",
    "animation4": "animation.overseer3Blocks_attack",
    "animation5": "",
    "animation6": "",
    "animation7": "",
    "animation8": "",
    "animation9": "",
    "animation10": "animation.overseer3Blocks_aggressive",
    "enable2": true,
    "enable3": false,
    "enable4": true,
    "enable5": false,
    "enable6": false,
    "enable7": false,
    "enable8": false,
    "enable9": false,
    "enable10": true,
    "breedable": false,
    "tameable": false,
    "disableDeathRotation": false,
    "headMovement": false,
    "eyeHeight": false,
    "breedTriggerItems": [],
    "ranged": false,
    "rangedAttackItem": {
      "value": ""
    },
    "rangedItemType": "Default item",
    "rangedAttackInterval": 20,
    "rangedAttackRadius": 10.0,
    "height": 0.0,
    "raidSpawnsCount": [
      4,
      3,
      3,
      4,
      4,
      4,
      2
    ],
    "spawnThisMob": false,
    "doesDespawnWhenIdle": true,
    "spawningProbability": 1,
    "mobSpawningType": "monster",
    "minNumberOfMobsPerGroup": 1,
    "maxNumberOfMobsPerGroup": 1,
    "restrictionBiomes": [
      {
        "value": "CUSTOM:DriftingMonoliths"
      }
    ],
    "spawnInDungeons": false
  }
}