{
  "_fv": 66,
  "_type": "block",
  "definition": {
    "texture": "flesh_block_new",
    "textureTop": "big_purple_eye",
    "textureLeft": "big_eye_side",
    "textureFront": "big_eye_side",
    "textureRight": "big_eye_side",
    "textureBack": "big_eye_side",
    "renderType": 10,
    "customModelName": "Normal",
    "rotationMode": 3,
    "enablePitch": true,
    "emissiveRendering": false,
    "displayFluidOverlay": false,
    "itemTexture": "",
    "particleTexture": "",
    "tintType": "No tint",
    "isItemTinted": false,
    "hasTransparency": false,
    "connectedSides": false,
    "transparencyType": "SOLID",
    "disableOffset": false,
    "boundingBoxes": [
      {
        "mx": 0.0,
        "my": 0.0,
        "mz": 0.0,
        "Mx": 16.0,
        "My": 16.0,
        "Mz": 16.0,
        "subtract": false
      }
    ],
    "name": "Big Purple Eye",
    "specialInformation": {
      "fixedValue": []
    },
    "hardness": 1.0,
    "resistance": 4.0,
    "hasGravity": false,
    "isWaterloggable": false,
    "creativeTabs": [
      {
        "value": "CUSTOM:TheDeepVoid"
      }
    ],
    "destroyTool": "hoe",
    "customDrop": {
      "value": ""
    },
    "dropAmount": 1,
    "useLootTableForDrops": false,
    "requiresCorrectTool": false,
    "enchantPowerBonus": 0.0,
    "plantsGrowOn": false,
    "canRedstoneConnect": false,
    "lightOpacity": 15,
    "material": {
      "value": "MISCELLANEOUS"
    },
    "tickRate": 0,
    "tickRandomly": false,
    "isReplaceable": false,
    "canProvidePower": false,
    "emittedRedstonePower": {
      "fixedValue": 15.0
    },
    "colorOnMap": "DEFAULT",
    "creativePickItem": {
      "value": ""
    },
    "offsetType": "NONE",
    "aiPathNodeType": "DEFAULT",
    "flammability": 0,
    "fireSpreadSpeed": 0,
    "isLadder": false,
    "slipperiness": 0.7000000000000001,
    "speedFactor": 0.8,
    "jumpFactor": 1.0,
    "reactionToPushing": "NORMAL",
    "isNotColidable": false,
    "isCustomSoundType": true,
    "soundOnStep": {
      "value": "GROUND"
    },
    "breakSound": {
      "value": "block.slime.break"
    },
    "fallSound": {
      "value": "block.wet_grass.fall"
    },
    "hitSound": {
      "value": "block.slime.hit"
    },
    "placeSound": {
      "value": "CUSTOM:flesh_block_place"
    },
    "stepSound": {
      "value": "CUSTOM:flesh_block_step"
    },
    "luminance": 2,
    "unbreakable": false,
    "vanillaToolTier": "NONE",
    "isBonemealable": false,
    "hasInventory": false,
    "guiBoundTo": "<NONE>",
    "openGUIOnRightClick": false,
    "inventorySize": 9,
    "inventoryStackSize": 64,
    "inventoryDropWhenDestroyed": true,
    "inventoryComparatorPower": true,
    "inventoryOutSlotIDs": [],
    "inventoryInSlotIDs": [],
    "hasEnergyStorage": false,
    "energyInitial": 0,
    "energyCapacity": 400000,
    "energyMaxReceive": 200,
    "energyMaxExtract": 200,
    "isFluidTank": false,
    "fluidCapacity": 8000,
    "fluidRestrictions": [],
    "onEntityWalksOn": {
      "name": "FleshBlockEntityWalksOnTheBlock"
    },
    "generateFeature": false,
    "restrictionBiomes": [],
    "blocksToReplace": [
      {
        "value": "TAG:stone_ore_replaceables"
      }
    ],
    "generationShape": "UNIFORM",
    "frequencyPerChunks": 10,
    "frequencyOnChunk": 16,
    "minGenerateHeight": 0,
    "maxGenerateHeight": 64
  }
}