{
  "_fv": 66,
  "_type": "feature",
  "definition": {
    "skipPlacement": false,
    "generationStep": "UNDERGROUND_DECORATION",
    "restrictionBiomes": [
      {
        "value": "CUSTOM:DriftingMonoliths"
      }
    ],
    "featurexml": "<xml xmlns=\"https://developers.google.com/blockly/xml\"><block type=\"feature_container\" deletable=\"false\" x=\"40\" y=\"40\"><value name=\"feature\"><block type=\"feature_custom_structure\"><field name=\"structure\">monolith_big_pillar</field><field name=\"x\">0</field><field name=\"y\">-1</field><field name=\"z\">0</field><field name=\"random_rotation\">TRUE</field><field name=\"random_mirror\">TRUE</field><value name=\"ignored_blocks\"><block type=\"block_holderset_list\"><mutation xmlns=\"http://www.w3.org/1999/xhtml\" inputs=\"2\"></mutation><field name=\"block0\">Blocks.STRUCTURE_BLOCK</field><field name=\"block1\">Blocks.AIR</field></block></value></block></value><next><block type=\"placement_count_on_every_layer\"><value name=\"count\"><block type=\"int_provider_uniform\"><field name=\"min\">3</field><field name=\"max\">6</field></block></value><next><block type=\"placement_height_range\"><value name=\"height\"><block type=\"height_provider_biased_to_bottom\"><field name=\"inner\">2</field><value name=\"min\"><block type=\"vertical_anchor_absolute\"><field name=\"value\">-60</field></block></value><value name=\"max\"><block type=\"vertical_anchor_absolute\"><field name=\"value\">40</field></block></value></block></value><next><block type=\"placement_block_predicate_filter\"><value name=\"condition\"><block type=\"block_predicate_solid\"><field name=\"x\">0</field><field name=\"y\">-1</field><field name=\"z\">0</field></block></value><next><block type=\"placement_environment_scan\"><field name=\"maxSteps\">6</field><field name=\"direction\">UP</field><value name=\"condition\"><block type=\"block_predicate_is_air\"></block></value></block></next></block></next></block></next></block></next></block></xml>"
  }
}