{
  "_fv": 66,
  "_type": "trimmaterial",
  "definition": {
    "name": "Bismuth",
    "item": {
      "value": "CUSTOM:Bismuth"
    },
    "color1": {
      "value": -10996634,
      "falpha": 0.0
    },
    "color2": {
      "value": -8100691,
      "falpha": 0.0
    },
    "color3": {
      "value": -9804627,
      "falpha": 0.0
    },
    "color4": {
      "value": -10187347,
      "falpha": 0.0
    },
    "color5": {
      "value": -10179177,
      "falpha": 0.0
    },
    "color6": {
      "value": -6771356,
      "falpha": 0.0
    },
    "color7": {
      "value": -4019344,
      "falpha": 0.0
    },
    "color8": {
      "value": -3372426,
      "falpha": 0.0
    }
  }
}