{
  "_fv": 66,
  "_type": "block",
  "definition": {
    "texture": "bismuth_lantern",
    "textureTop": "",
    "textureLeft": "",
    "textureFront": "",
    "textureRight": "",
    "textureBack": "",
    "renderType": 2,
    "customModelName": "bismuth_lantern_roof:default",
    "rotationMode": 0,
    "enablePitch": false,
    "emissiveRendering": true,
    "displayFluidOverlay": false,
    "itemTexture": "bismuth_lantern",
    "particleTexture": "",
    "tintType": "No tint",
    "isItemTinted": false,
    "hasTransparency": true,
    "connectedSides": false,
    "transparencyType": "CUTOUT",
    "disableOffset": false,
    "boundingBoxes": [
      {
        "mx": 5.0,
        "my": 5.0,
        "mz": 5.0,
        "Mx": 11.0,
        "My": 12.0,
        "Mz": 11.0,
        "subtract": false
      },
      {
        "mx": 2.0,
        "my": 5.0,
        "mz": 8.0,
        "Mx": 5.0,
        "My": 12.0,
        "Mz": 8.0,
        "subtract": false
      },
      {
        "mx": 11.0,
        "my": 5.0,
        "mz": 8.0,
        "Mx": 14.0,
        "My": 12.0,
        "Mz": 8.0,
        "subtract": false
      },
      {
        "mx": 8.0,
        "my": 5.0,
        "mz": 2.0,
        "Mx": 8.0,
        "My": 12.0,
        "Mz": 5.0,
        "subtract": false
      },
      {
        "mx": 8.0,
        "my": 5.0,
        "mz": 11.0,
        "Mx": 8.0,
        "My": 12.0,
        "Mz": 14.0,
        "subtract": false
      },
      {
        "mx": 6.0,
        "my": 12.0,
        "mz": 6.0,
        "Mx": 10.0,
        "My": 14.0,
        "Mz": 10.0,
        "subtract": false
      },
      {
        "mx": 6.0,
        "my": 14.0,
        "mz": 8.0,
        "Mx": 10.0,
        "My": 16.0,
        "Mz": 8.0,
        "subtract": false
      },
      {
        "mx": 6.0,
        "my": 14.0,
        "mz": 8.0,
        "Mx": 10.0,
        "My": 16.0,
        "Mz": 8.0,
        "subtract": false
      }
    ],
    "name": "Bismuth Lantern",
    "specialInformation": {
      "fixedValue": []
    },
    "hardness": 3.5,
    "resistance": 3.5,
    "hasGravity": false,
    "isWaterloggable": true,
    "creativeTabs": [],
    "destroyTool": "pickaxe",
    "customDrop": {
      "value": "CUSTOM:BismuthLantern"
    },
    "dropAmount": 1,
    "useLootTableForDrops": false,
    "requiresCorrectTool": true,
    "enchantPowerBonus": 0.0,
    "plantsGrowOn": false,
    "canRedstoneConnect": false,
    "lightOpacity": 0,
    "material": {
      "value": "MISCELLANEOUS"
    },
    "tickRate": 0,
    "tickRandomly": false,
    "isReplaceable": false,
    "canProvidePower": false,
    "emittedRedstonePower": {
      "fixedValue": 15.0
    },
    "colorOnMap": "DEFAULT",
    "creativePickItem": {
      "value": "CUSTOM:BismuthLantern"
    },
    "offsetType": "NONE",
    "aiPathNodeType": "DEFAULT",
    "flammability": 0,
    "fireSpreadSpeed": 0,
    "isLadder": false,
    "slipperiness": 0.6,
    "speedFactor": 1.0,
    "jumpFactor": 1.0,
    "reactionToPushing": "DESTROY",
    "isNotColidable": false,
    "isCustomSoundType": false,
    "soundOnStep": {
      "value": "LANTERN"
    },
    "breakSound": {
      "value": ""
    },
    "fallSound": {
      "value": ""
    },
    "hitSound": {
      "value": ""
    },
    "placeSound": {
      "value": ""
    },
    "stepSound": {
      "value": ""
    },
    "luminance": 12,
    "unbreakable": false,
    "vanillaToolTier": "NONE",
    "isBonemealable": false,
    "hasInventory": false,
    "guiBoundTo": "<NONE>",
    "openGUIOnRightClick": false,
    "inventorySize": 9,
    "inventoryStackSize": 64,
    "inventoryDropWhenDestroyed": true,
    "inventoryComparatorPower": true,
    "inventoryOutSlotIDs": [],
    "inventoryInSlotIDs": [],
    "hasEnergyStorage": false,
    "energyInitial": 0,
    "energyCapacity": 400000,
    "energyMaxReceive": 200,
    "energyMaxExtract": 200,
    "isFluidTank": false,
    "fluidCapacity": 8000,
    "fluidRestrictions": [],
    "onNeighbourBlockChanges": {
      "name": "FerrymanLanternHangedNeighbourBlockChanges"
    },
    "generateFeature": false,
    "restrictionBiomes": [],
    "blocksToReplace": [
      {
        "value": "TAG:stone_ore_replaceables"
      }
    ],
    "generationShape": "UNIFORM",
    "frequencyPerChunks": 10,
    "frequencyOnChunk": 16,
    "minGenerateHeight": 0,
    "maxGenerateHeight": 64
  }
}