{
  "_fv": 66,
  "_type": "tool",
  "definition": {
    "toolType": "Sword",
    "renderType": 0,
    "blockingRenderType": 0,
    "texture": "bismuth_netherite_sword",
    "customModelName": "Normal",
    "blockingModelName": "Normal blocking",
    "name": "Bismuth Netherite Sword",
    "specialInformation": {
      "fixedValue": [
        "§7The wielder gains more XP"
      ]
    },
    "creativeTabs": [
      {
        "value": "CUSTOM:TheDeepVoid"
      }
    ],
    "efficiency": 12.0,
    "attackSpeed": 1.6,
    "enchantability": 20,
    "damageVsEntity": 9.0,
    "usageCount": 2464,
    "glowCondition": {
      "fixedValue": false
    },
    "repairItems": [
      {
        "value": "Items.NETHERITE_INGOT"
      },
      {
        "value": "CUSTOM:RefinedBismuth"
      }
    ],
    "immuneToFire": true,
    "blockDropsTier": "NETHERITE",
    "blocksAffected": [],
    "stayInGridWhenCrafting": false,
    "damageOnCrafting": false
  }
}