{
  "_fv": 66,
  "_type": "recipe",
  "definition": {
    "recipeType": "Smithing",
    "recipeRetstackSize": 1,
    "group": "",
    "cookingBookCategory": "MISC",
    "xpReward": 0.0,
    "cookingTime": 200,
    "craftingBookCategory": "MISC",
    "recipeShapeless": false,
    "smithingInputStack": {
      "value": "Items.NETHERITE_SHOVEL"
    },
    "smithingInputAdditionStack": {
      "value": "CUSTOM:RefinedBismuth"
    },
    "smithingInputTemplateStack": {
      "value": ""
    },
    "smithingReturnStack": {
      "value": "CUSTOM:BismuthNetheriteShovel"
    },
    "name": "bismuth_netherite_shovel_recipe",
    "namespace": "mod"
  }
}