{
  "_fv": 66,
  "_type": "armor",
  "definition": {
    "enableHelmet": true,
    "textureHelmet": "bismuth_helmet",
    "enableBody": true,
    "textureBody": "bismuth_chestplate",
    "enableLeggings": true,
    "textureLeggings": "bismuth_leggings",
    "enableBoots": true,
    "textureBoots": "bismuth_boots",
    "creativeTabs": [
      {
        "value": "CUSTOM:TheDeepVoid"
      }
    ],
    "armorTextureFile": "bismuth_netherite_",
    "helmetName": "Bismuth-Netherite Helmet",
    "bodyName": "Bismuth-Netherite Chestplate",
    "leggingsName": "Bismuth-Netherite Leggings",
    "bootsName": "Bismuth-Netherite Boots",
    "helmetSpecialInformation": {
      "fixedValue": []
    },
    "bodySpecialInformation": {
      "fixedValue": []
    },
    "leggingsSpecialInformation": {
      "fixedValue": []
    },
    "bootsSpecialInformation": {
      "fixedValue": []
    },
    "helmetModelName": "Default",
    "helmetModelPart": "Helmet",
    "helmetModelTexture": "From armor",
    "bodyModelName": "Default",
    "bodyModelPart": "Body",
    "armsModelPartL": "Arms L",
    "armsModelPartR": "Arms R",
    "bodyModelTexture": "From armor",
    "leggingsModelName": "Default",
    "leggingsModelPartL": "Leggings L",
    "leggingsModelPartR": "Leggings R",
    "leggingsModelTexture": "From armor",
    "bootsModelName": "Default",
    "bootsModelPartL": "Boots L",
    "bootsModelPartR": "Boots R",
    "bootsModelTexture": "From armor",
    "helmetItemRenderType": 0,
    "helmetItemCustomModelName": "Normal",
    "bodyItemRenderType": 0,
    "bodyItemCustomModelName": "Normal",
    "leggingsItemRenderType": 0,
    "leggingsItemCustomModelName": "Normal",
    "bootsItemRenderType": 0,
    "bootsItemCustomModelName": "Normal",
    "helmetImmuneToFire": false,
    "bodyImmuneToFire": false,
    "leggingsImmuneToFire": false,
    "bootsImmuneToFire": false,
    "helmetGlowCondition": {
      "fixedValue": false
    },
    "bodyGlowCondition": {
      "fixedValue": false
    },
    "leggingsGlowCondition": {
      "fixedValue": false
    },
    "bootsGlowCondition": {
      "fixedValue": false
    },
    "helmetPiglinNeutral": {
      "fixedValue": false
    },
    "bodyPiglinNeutral": {
      "fixedValue": false
    },
    "leggingsPiglinNeutral": {
      "fixedValue": false
    },
    "bootsPiglinNeutral": {
      "fixedValue": false
    },
    "maxDamage": 42,
    "damageValueHelmet": 4,
    "damageValueBody": 8,
    "damageValueLeggings": 8,
    "damageValueBoots": 4,
    "enchantability": 20,
    "toughness": 4.0,
    "knockbackResistance": 0.6,
    "equipSound": {
      "value": "item.armor.equip_netherite"
    },
    "repairItems": [
      {
        "value": "Items.NETHERITE_INGOT"
      },
      {
        "value": "CUSTOM:RefinedBismuth"
      }
    ]
  }
}