{
  "_fv": 66,
  "_type": "plant",
  "definition": {
    "renderType": 2,
    "texture": "desolate_lichen_fruit",
    "textureBottom": "",
    "customModelName": "desolate_lichen_fruit:default",
    "itemTexture": "lichen_item",
    "particleTexture": "",
    "tintType": "No tint",
    "isItemTinted": false,
    "plantType": "normal",
    "suspiciousStewEffect": "SPEED",
    "suspiciousStewDuration": 100,
    "growapableSpawnType": "Cave",
    "growapableMaxHeight": 3,
    "customBoundingBox": true,
    "disableOffset": false,
    "boundingBoxes": [
      {
        "mx": 0.0,
        "my": 0.0,
        "mz": 0.0,
        "Mx": 16.0,
        "My": 1.0,
        "Mz": 16.0,
        "subtract": false
      },
      {
        "mx": 9.0,
        "my": 1.0,
        "mz": 10.0,
        "Mx": 12.0,
        "My": 4.0,
        "Mz": 13.0,
        "subtract": false
      },
      {
        "mx": 6.0,
        "my": 1.0,
        "mz": 2.0,
        "Mx": 9.0,
        "My": 4.0,
        "Mz": 5.0,
        "subtract": false
      },
      {
        "mx": 11.0,
        "my": 1.0,
        "mz": 8.0,
        "Mx": 13.0,
        "My": 3.0,
        "Mz": 10.0,
        "subtract": false
      },
      {
        "mx": 2.0,
        "my": 1.0,
        "mz": 6.0,
        "Mx": 4.0,
        "My": 3.0,
        "Mz": 8.0,
        "subtract": false
      }
    ],
    "name": "Blossoming Desolate Lichen",
    "specialInformation": {
      "fixedValue": []
    },
    "creativeTabs": [],
    "hardness": 0.0,
    "resistance": 0.0,
    "luminance": 0,
    "unbreakable": false,
    "isSolid": false,
    "isCustomSoundType": false,
    "soundOnStep": {
      "value": "ROOT"
    },
    "breakSound": {
      "value": ""
    },
    "stepSound": {
      "value": ""
    },
    "placeSound": {
      "value": ""
    },
    "hitSound": {
      "value": ""
    },
    "fallSound": {
      "value": ""
    },
    "useLootTableForDrops": true,
    "customDrop": {
      "value": "CUSTOM:BlossomingDesolateLichen"
    },
    "dropAmount": 1,
    "forceTicking": false,
    "emissiveRendering": false,
    "hasTileEntity": false,
    "isReplaceable": false,
    "colorOnMap": "DEFAULT",
    "creativePickItem": {
      "value": "CUSTOM:DesolateLichen"
    },
    "offsetType": "NONE",
    "aiPathNodeType": "DEFAULT",
    "flammability": 0,
    "fireSpreadSpeed": 0,
    "jumpFactor": 1.0,
    "speedFactor": 1.0,
    "canBePlacedOn": [],
    "isBonemealable": false,
    "frequencyOnChunks": 5,
    "generateFeature": false,
    "restrictionBiomes": [],
    "generationType": "Flower",
    "patchSize": 64,
    "generateAtAnyHeight": false
  }
}