{
  "_fv": 66,
  "_type": "recipe",
  "definition": {
    "recipeType": "Crafting",
    "recipeRetstackSize": 3,
    "group": "",
    "cookingBookCategory": "MISC",
    "xpReward": 0.0,
    "cookingTime": 200,
    "craftingBookCategory": "MISC",
    "recipeShapeless": false,
    "recipeSlots": [
      {
        "value": "CUSTOM:BoneMarrow"
      },
      {
        "value": "CUSTOM:BoneMarrow"
      },
      {
        "value": "CUSTOM:BoneMarrow"
      },
      {
        "value": "Items.BONE"
      },
      {
        "value": "Items.BONE"
      },
      {
        "value": "Items.BONE"
      },
      {
        "value": "CUSTOM:BoneMush"
      },
      {
        "value": "CUSTOM:BoneMush"
      },
      {
        "value": "CUSTOM:BoneMush"
      }
    ],
    "recipeReturnStack": {
      "value": "CUSTOM:BoneLoaf"
    },
    "name": "bone_loaf",
    "namespace": "mod"
  }
}