{
  "_fv": 66,
  "_type": "plant",
  "definition": {
    "renderType": 12,
    "texture": "bone_marrow",
    "textureBottom": "",
    "customModelName": "Cross model",
    "itemTexture": "",
    "particleTexture": "",
    "tintType": "No tint",
    "isItemTinted": false,
    "plantType": "normal",
    "suspiciousStewEffect": "BLINDNESS",
    "suspiciousStewDuration": 100,
    "growapableSpawnType": "Cave",
    "growapableMaxHeight": 3,
    "customBoundingBox": false,
    "disableOffset": false,
    "boundingBoxes": [
      {
        "mx": 0.0,
        "my": 0.0,
        "mz": 0.0,
        "Mx": 16.0,
        "My": 16.0,
        "Mz": 16.0,
        "subtract": false
      }
    ],
    "name": "Bone Marrow",
    "specialInformation": {
      "fixedValue": []
    },
    "creativeTabs": [
      {
        "value": "CUSTOM:TheDeepVoid"
      }
    ],
    "hardness": 0.19999999999999998,
    "resistance": 0.5,
    "luminance": 0,
    "unbreakable": false,
    "isSolid": false,
    "isCustomSoundType": false,
    "soundOnStep": {
      "value": "BONE"
    },
    "breakSound": {
      "value": ""
    },
    "stepSound": {
      "value": ""
    },
    "placeSound": {
      "value": ""
    },
    "hitSound": {
      "value": ""
    },
    "fallSound": {
      "value": ""
    },
    "useLootTableForDrops": false,
    "customDrop": {
      "value": ""
    },
    "dropAmount": 1,
    "forceTicking": false,
    "emissiveRendering": false,
    "hasTileEntity": false,
    "isReplaceable": true,
    "colorOnMap": "DEFAULT",
    "creativePickItem": {
      "value": ""
    },
    "offsetType": "XZ",
    "aiPathNodeType": "DEFAULT",
    "flammability": 0,
    "fireSpreadSpeed": 0,
    "jumpFactor": 1.0,
    "speedFactor": 1.0,
    "canBePlacedOn": [],
    "isBonemealable": false,
    "frequencyOnChunks": 5,
    "generateFeature": true,
    "restrictionBiomes": [
      {
        "value": "CUSTOM:ForgottenValley"
      },
      {
        "value": "CUSTOM:GrimCanopy"
      },
      {
        "value": "CUSTOM:MourningGraveyard"
      },
      {
        "value": "CUSTOM:WatchingUndergrowth"
      },
      {
        "value": "CUSTOM:CrawlerNest"
      },
      {
        "value": "CUSTOM:FilledGraveyard"
      },
      {
        "value": "CUSTOM:GatheringGrounds"
      }
    ],
    "generationType": "Grass",
    "patchSize": 25,
    "generateAtAnyHeight": false
  }
}