{
  "_fv": 66,
  "_type": "block",
  "definition": {
    "texture": "bone_crawler_egg",
    "textureTop": "",
    "textureLeft": "",
    "textureFront": "",
    "textureRight": "",
    "textureBack": "",
    "renderType": 2,
    "customModelName": "bone_crawler_egg:default",
    "rotationMode": 0,
    "enablePitch": false,
    "emissiveRendering": false,
    "displayFluidOverlay": false,
    "itemTexture": "bone_crawler_egg",
    "particleTexture": "",
    "tintType": "No tint",
    "isItemTinted": false,
    "hasTransparency": true,
    "connectedSides": false,
    "transparencyType": "SOLID",
    "disableOffset": false,
    "boundingBoxes": [
      {
        "mx": 3.0,
        "my": 0.0,
        "mz": 3.0,
        "Mx": 13.0,
        "My": 16.0,
        "Mz": 13.0,
        "subtract": false
      }
    ],
    "name": "Bone Crawler Egg",
    "specialInformation": {
      "fixedValue": []
    },
    "hardness": 0.0,
    "resistance": 1.0,
    "hasGravity": false,
    "isWaterloggable": true,
    "creativeTabs": [
      {
        "value": "CUSTOM:TheDeepVoid"
      }
    ],
    "destroyTool": "Not specified",
    "customDrop": {
      "value": "Blocks.AIR"
    },
    "dropAmount": 1,
    "useLootTableForDrops": false,
    "requiresCorrectTool": false,
    "enchantPowerBonus": 0.0,
    "plantsGrowOn": false,
    "canRedstoneConnect": false,
    "lightOpacity": 0,
    "material": {
      "value": "MISCELLANEOUS"
    },
    "tickRate": 20,
    "tickRandomly": true,
    "isReplaceable": false,
    "canProvidePower": false,
    "emittedRedstonePower": {
      "fixedValue": 15.0
    },
    "colorOnMap": "DEFAULT",
    "creativePickItem": {
      "value": ""
    },
    "offsetType": "NONE",
    "aiPathNodeType": "DEFAULT",
    "flammability": 0,
    "fireSpreadSpeed": 0,
    "isLadder": false,
    "slipperiness": 0.6,
    "speedFactor": 1.0,
    "jumpFactor": 1.0,
    "reactionToPushing": "NORMAL",
    "isNotColidable": false,
    "isCustomSoundType": true,
    "soundOnStep": {
      "value": "GROUND"
    },
    "breakSound": {
      "value": "entity.turtle.egg_break"
    },
    "fallSound": {
      "value": "block.stone.fall"
    },
    "hitSound": {
      "value": "entity.turtle.egg_crack"
    },
    "placeSound": {
      "value": "block.stone.place"
    },
    "stepSound": {
      "value": "block.stone.step"
    },
    "luminance": 0,
    "unbreakable": false,
    "vanillaToolTier": "NONE",
    "isBonemealable": false,
    "hasInventory": true,
    "guiBoundTo": "<NONE>",
    "openGUIOnRightClick": false,
    "inventorySize": 0,
    "inventoryStackSize": 1,
    "inventoryDropWhenDestroyed": false,
    "inventoryComparatorPower": false,
    "inventoryOutSlotIDs": [],
    "inventoryInSlotIDs": [],
    "hasEnergyStorage": false,
    "energyInitial": 0,
    "energyCapacity": 400000,
    "energyMaxReceive": 200,
    "energyMaxExtract": 200,
    "isFluidTank": false,
    "fluidCapacity": 8000,
    "fluidRestrictions": [],
    "onRightClicked": {
      "name": "BoneCrawlerEggOnBlockRightClicked"
    },
    "onTickUpdate": {
      "name": "BoneCrawlerEggOnTickUpdate"
    },
    "onEntityWalksOn": {
      "name": "BoneCrawlerEggEntityWalksOnTheBlock"
    },
    "generateFeature": false,
    "restrictionBiomes": [],
    "blocksToReplace": [
      {
        "value": "TAG:stone_ore_replaceables"
      }
    ],
    "generationShape": "UNIFORM",
    "frequencyPerChunks": 10,
    "frequencyOnChunk": 16,
    "minGenerateHeight": 0,
    "maxGenerateHeight": 64
  }
}