{
  "_fv": 66,
  "_type": "recipe",
  "definition": {
    "recipeType": "Crafting",
    "recipeRetstackSize": 6,
    "group": "",
    "cookingBookCategory": "MISC",
    "xpReward": 0.0,
    "cookingTime": 200,
    "craftingBookCategory": "BUILDING",
    "recipeShapeless": false,
    "recipeSlots": [
      {
        "value": ""
      },
      {
        "value": ""
      },
      {
        "value": ""
      },
      {
        "value": "CUSTOM:BonePileBricks"
      },
      {
        "value": "CUSTOM:BonePileBricks"
      },
      {
        "value": "CUSTOM:BonePileBricks"
      },
      {
        "value": "CUSTOM:BonePileBricks"
      },
      {
        "value": "CUSTOM:BonePileBricks"
      },
      {
        "value": "CUSTOM:BonePileBricks"
      }
    ],
    "recipeReturnStack": {
      "value": "CUSTOM:BonePileBrickWall"
    },
    "name": "bone_pile_brick_wall",
    "namespace": "mod"
  }
}