{
  "_fv": 66,
  "_type": "feature",
  "definition": {
    "skipPlacement": false,
    "generationStep": "SURFACE_STRUCTURES",
    "restrictionBiomes": [
      {
        "value": "CUSTOM:MourningGraveyard"
      },
      {
        "value": "CUSTOM:FilledGraveyard"
      }
    ],
    "featurexml": "<xml xmlns=\"https://developers.google.com/blockly/xml\"><block type=\"feature_container\" deletable=\"false\" x=\"40\" y=\"40\"><value name=\"feature\"><block type=\"feature_block_column_simple\"><value name=\"height\"><block type=\"int_provider_uniform\"><field name=\"min\">1</field><field name=\"max\">4</field></block></value><value name=\"block\"><block type=\"blockstate_selector\"><mutation xmlns=\"http://www.w3.org/1999/xhtml\" inputs=\"0\"></mutation><field name=\"block\">CUSTOM:BlockOfBonePile</field></block></value></block></value><next><block type=\"placement_rarity\"><field name=\"rarity\">2</field><next><block type=\"placement_in_square\"><next><block type=\"placement_heightmap\"><field name=\"heightmap\">OCEAN_FLOOR_WG</field><next><block type=\"placement_count\"><value name=\"count\"><block type=\"int_provider_uniform\"><field name=\"min\">2</field><field name=\"max\">4</field></block></value><next><block type=\"placement_block_predicate_filter\"><value name=\"condition\"><block type=\"block_predicate_all_of\"><mutation xmlns=\"http://www.w3.org/1999/xhtml\" inputs=\"2\"></mutation><value name=\"condition0\"><block type=\"block_predicate_is_air\"></block></value><value name=\"condition1\"><block type=\"block_predicate_solid\"><field name=\"x\">0</field><field name=\"y\">-1</field><field name=\"z\">0</field></block></value></block></value></block></next></block></next></block></next></block></next></block></next></block></xml>"
  }
}