{
  "_fv": 66,
  "_type": "projectile",
  "definition": {
    "projectileItem": {
      "value": "CUSTOM:BoneBall"
    },
    "showParticles": false,
    "actionSound": {
      "value": "entity.snowball.throw"
    },
    "igniteFire": false,
    "power": 1.2,
    "damage": 2.0,
    "knockback": 1,
    "entityModel": "Default",
    "customModelTexture": "",
    "onHitsEntity": {
      "name": "BoneBallProjectileProjectileHitsLivingEntity"
    },
    "onFlyingTick": {
      "name": "BoneBallProjectileWhileProjectileFlyingTick"
    }
  }
}