{
  "_fv": 66,
  "_type": "tool",
  "definition": {
    "toolType": "Hoe",
    "renderType": 0,
    "blockingRenderType": 0,
    "texture": "bone_hoe",
    "customModelName": "Normal",
    "blockingModelName": "Normal blocking",
    "name": "Bone Hoe",
    "specialInformation": {
      "fixedValue": []
    },
    "creativeTabs": [
      {
        "value": "CUSTOM:TheDeepVoid"
      }
    ],
    "efficiency": 4.0,
    "attackSpeed": 2.0,
    "enchantability": 14,
    "damageVsEntity": 1.0,
    "usageCount": 250,
    "glowCondition": {
      "fixedValue": false
    },
    "repairItems": [
      {
        "value": "Items.BONE"
      }
    ],
    "immuneToFire": false,
    "blockDropsTier": "IRON",
    "blocksAffected": [],
    "stayInGridWhenCrafting": false,
    "damageOnCrafting": false,
    "onEntityHitWith": {
      "name": "BoneSwordLivingEntityIsHitWithTool"
    }
  }
}