{
  "_fv": 66,
  "_type": "plant",
  "definition": {
    "renderType": 2,
    "texture": "bone_crawler_egg",
    "textureBottom": "",
    "customModelName": "bone_crawler_egg:default",
    "itemTexture": "bone_crawler_egg",
    "particleTexture": "",
    "tintType": "No tint",
    "isItemTinted": false,
    "plantType": "normal",
    "suspiciousStewEffect": "SPEED",
    "suspiciousStewDuration": 100,
    "growapableSpawnType": "Cave",
    "growapableMaxHeight": 3,
    "customBoundingBox": true,
    "disableOffset": false,
    "boundingBoxes": [
      {
        "mx": 3.0,
        "my": 0.0,
        "mz": 3.0,
        "Mx": 13.0,
        "My": 16.0,
        "Mz": 13.0,
        "subtract": false
      }
    ],
    "name": "Bone Crawler Egg Generate",
    "specialInformation": {
      "fixedValue": []
    },
    "creativeTabs": [],
    "hardness": 0.0,
    "resistance": 1.0,
    "luminance": 0,
    "unbreakable": false,
    "isSolid": true,
    "isCustomSoundType": true,
    "soundOnStep": {
      "value": "PLANT"
    },
    "breakSound": {
      "value": "entity.turtle.egg_break"
    },
    "stepSound": {
      "value": "block.stone.step"
    },
    "placeSound": {
      "value": "block.stone.place"
    },
    "hitSound": {
      "value": "entity.turtle.egg_crack"
    },
    "fallSound": {
      "value": "block.stone.fall"
    },
    "useLootTableForDrops": false,
    "customDrop": {
      "value": "Blocks.AIR"
    },
    "dropAmount": 1,
    "forceTicking": true,
    "emissiveRendering": false,
    "hasTileEntity": false,
    "isReplaceable": false,
    "colorOnMap": "DEFAULT",
    "creativePickItem": {
      "value": "CUSTOM:BoneCrawlerEgg"
    },
    "offsetType": "NONE",
    "aiPathNodeType": "DEFAULT",
    "flammability": 0,
    "fireSpreadSpeed": 0,
    "jumpFactor": 1.0,
    "speedFactor": 1.0,
    "canBePlacedOn": [],
    "isBonemealable": false,
    "frequencyOnChunks": 4,
    "generateFeature": true,
    "restrictionBiomes": [
      {
        "value": "CUSTOM:CrawlerNest"
      }
    ],
    "generationType": "Grass",
    "patchSize": 6,
    "generateAtAnyHeight": false,
    "onTickUpdate": {
      "name": "BoneCrawlerEggOnTickUpdate"
    },
    "onEntityWalksOn": {
      "name": "BoneCrawlerEggEntityWalksOnTheBlock"
    }
  }
}