{
  "_fv": 66,
  "_type": "plant",
  "definition": {
    "renderType": 12,
    "texture": "rotten_grass_top",
    "textureBottom": "rotten_grass_bottom",
    "customModelName": "Cross model",
    "itemTexture": "",
    "particleTexture": "",
    "tintType": "No tint",
    "isItemTinted": false,
    "plantType": "double",
    "suspiciousStewEffect": "SPEED",
    "suspiciousStewDuration": 100,
    "growapableSpawnType": "Cave",
    "growapableMaxHeight": 3,
    "customBoundingBox": false,
    "disableOffset": false,
    "boundingBoxes": [
      {
        "mx": 0.0,
        "my": 0.0,
        "mz": 0.0,
        "Mx": 16.0,
        "My": 16.0,
        "Mz": 16.0,
        "subtract": false
      }
    ],
    "name": "Canopy Rotten Grass",
    "specialInformation": {
      "fixedValue": []
    },
    "creativeTabs": [],
    "hardness": 0.5,
    "resistance": 0.0,
    "luminance": 0,
    "unbreakable": false,
    "isSolid": false,
    "isCustomSoundType": false,
    "soundOnStep": {
      "value": "ROOT"
    },
    "breakSound": {
      "value": ""
    },
    "stepSound": {
      "value": ""
    },
    "placeSound": {
      "value": ""
    },
    "hitSound": {
      "value": ""
    },
    "fallSound": {
      "value": ""
    },
    "useLootTableForDrops": false,
    "customDrop": {
      "value": "Blocks.AIR"
    },
    "dropAmount": 1,
    "forceTicking": false,
    "emissiveRendering": false,
    "hasTileEntity": false,
    "isReplaceable": false,
    "colorOnMap": "DEFAULT",
    "creativePickItem": {
      "value": "CUSTOM:RottenGrass"
    },
    "offsetType": "XZ",
    "aiPathNodeType": "DEFAULT",
    "flammability": 0,
    "fireSpreadSpeed": 0,
    "jumpFactor": 1.0,
    "speedFactor": 1.0,
    "canBePlacedOn": [],
    "isBonemealable": false,
    "frequencyOnChunks": 10,
    "generateFeature": true,
    "restrictionBiomes": [
      {
        "value": "CUSTOM:GrimCanopy"
      },
      {
        "value": "CUSTOM:GatheringGrounds"
      }
    ],
    "generationType": "Grass",
    "patchSize": 25,
    "generateAtAnyHeight": false,
    "onDestroyedByPlayer": {
      "name": "RottenGrassPlantDestroyedByPlayer"
    }
  }
}