{
  "_fv": 66,
  "_type": "structure",
  "definition": {
    "structure": "cemetary_newer",
    "projection": "rigid",
    "ignoredBlocks": [
      {
        "value": "Blocks.STRUCTURE_BLOCK"
      }
    ],
    "spacing": 55,
    "separation": 35,
    "restrictionBiomes": [
      {
        "value": "CUSTOM:ForgottenValley"
      },
      {
        "value": "CUSTOM:GrimCanopy"
      },
      {
        "value": "CUSTOM:AshenCrags"
      },
      {
        "value": "CUSTOM:MourningGraveyard"
      },
      {
        "value": "CUSTOM:GloomyDeathgrounds"
      },
      {
        "value": "CUSTOM:WindsweptHollow"
      },
      {
        "value": "CUSTOM:DriftingMonoliths"
      },
      {
        "value": "CUSTOM:WatchingUndergrowth"
      },
      {
        "value": "CUSTOM:CrawlerNest"
      },
      {
        "value": "CUSTOM:StaringHills"
      },
      {
        "value": "CUSTOM:FilledGraveyard"
      },
      {
        "value": "CUSTOM:GatheringGrounds"
      }
    ],
    "terrainAdaptation": "beard_box",
    "generationStep": "UNDERGROUND_STRUCTURES",
    "surfaceDetectionType": "MOTION_BLOCKING",
    "useStartHeight": true,
    "startHeightProviderType": "BIASED_TO_BOTTOM",
    "startHeightMin": -50,
    "startHeightMax": 10,
    "size": 1,
    "maxDistanceFromCenter": 64,
    "jigsawPools": []
  }
}