{
  "_fv": 66,
  "_type": "animatedentity",
  "definition": {
    "mobName": "Centigaze",
    "mobLabel": "",
    "mobModelTexture": "eyecentipede.png",
    "mobModelGlowTexture": "eye_centipede_glow.png",
    "visualScale": {
      "fixedValue": 1.0
    },
    "boundingBoxScale": {
      "fixedValue": 1.0
    },
    "entityDataEntries": [],
    "modelWidth": 2.4,
    "modelHeight": 0.9,
    "modelShadowSize": 0.5,
    "mountedYOffset": 0.0,
    "stepHeight": 2.0,
    "hasSpawnEgg": true,
    "spawnEggBaseColor": {
      "value": -16382190,
      "falpha": 0.0
    },
    "spawnEggDotColor": {
      "value": -14475466,
      "falpha": 0.0
    },
    "creativeTabs": [
      {
        "value": "CUSTOM:TheDeepVoid"
      }
    ],
    "isBoss": false,
    "bossBarColor": "PINK",
    "bossBarType": "PROGRESS",
    "equipmentMainHand": {
      "value": ""
    },
    "equipmentOffHand": {
      "value": ""
    },
    "equipmentHelmet": {
      "value": ""
    },
    "equipmentBody": {
      "value": ""
    },
    "equipmentLeggings": {
      "value": ""
    },
    "equipmentBoots": {
      "value": ""
    },
    "mobBehaviourType": "Mob",
    "mobCreatureType": "UNDEAD",
    "attackStrength": 5,
    "attackKnockback": 0.0,
    "knockbackResistance": 0.7999999999999999,
    "movementSpeed": 0.23,
    "armorBaseValue": 5.0,
    "trackingRange": 78,
    "followRange": 30,
    "health": 100,
    "xpAmount": 15,
    "waterMob": false,
    "flyingMob": false,
    "guiBoundTo": "<NONE>",
    "inventorySize": 9,
    "inventoryStackSize": 64,
    "deathTime": 20,
    "lerp": 4,
    "disableCollisions": false,
    "ridable": false,
    "canControlForward": false,
    "canControlStrafe": false,
    "immuneToFire": false,
    "immuneToArrows": false,
    "immuneToFallDamage": true,
    "immuneToCactus": false,
    "immuneToDrowning": false,
    "immuneToLightning": false,
    "immuneToPotions": false,
    "immuneToPlayer": false,
    "immuneToExplosion": false,
    "immuneToTrident": false,
    "immuneToAnvil": false,
    "immuneToWither": false,
    "immuneToDragonBreath": false,
    "mobDrop": {
      "value": ""
    },
    "livingSound": {
      "value": "CUSTOM:centigaze_ambient"
    },
    "hurtSound": {
      "value": "CUSTOM:centigaze_ambient"
    },
    "deathSound": {
      "value": "entity.generic.death"
    },
    "stepSound": {
      "value": "entity.spider.step"
    },
    "raidCelebrationSound": {
      "value": ""
    },
    "hasAI": true,
    "aiBase": "(none)",
    "aixml": "<xml xmlns=\"https://developers.google.com/blockly/xml\"><block type=\"aitasks_container\" deletable=\"false\" x=\"40\" y=\"40\"><next><block type=\"attack_with_range\"><field name=\"range\">3.1</field><field name=\"speed\">1.4</field><field name=\"longmemory\">FALSE</field><field name=\"condition\">null,null</field><next><block type=\"attack_action\"><field name=\"callhelp\">FALSE</field><field name=\"condition\">null,null</field><next><block type=\"wander\"><field name=\"speed\">1</field><field name=\"condition\">null,null</field><next><block type=\"swim_in_water\"><field name=\"condition\">null,null</field><next><block type=\"attack_entity\"><field name=\"insight\">FALSE</field><field name=\"nearby\">FALSE</field><field name=\"entity\">EntityPlayer</field><field name=\"condition\">null,null</field></block></next></block></next></block></next></block></next></block></next></block></xml>",
    "model": "eyecentipede.geo.json",
    "groupName": "head",
    "animation1": "animation.eyeCentipede_idle",
    "animation2": "animation.eyeCentipede_walk",
    "animation3": "",
    "animation4": "",
    "animation5": "",
    "animation6": "",
    "animation7": "",
    "animation8": "",
    "animation9": "",
    "animation10": "animation.eyeCentipede_aggressive",
    "enable2": true,
    "enable3": false,
    "enable4": false,
    "enable5": false,
    "enable6": false,
    "enable7": false,
    "enable8": false,
    "enable9": false,
    "enable10": true,
    "breedable": false,
    "tameable": false,
    "disableDeathRotation": false,
    "headMovement": true,
    "eyeHeight": false,
    "breedTriggerItems": [],
    "ranged": false,
    "rangedAttackItem": {
      "value": ""
    },
    "rangedItemType": "Default item",
    "rangedAttackInterval": 20,
    "rangedAttackRadius": 10.0,
    "height": 1.0,
    "raidSpawnsCount": [
      4,
      3,
      3,
      4,
      4,
      4,
      2
    ],
    "spawnThisMob": false,
    "doesDespawnWhenIdle": true,
    "spawningProbability": 1,
    "mobSpawningType": "monster",
    "minNumberOfMobsPerGroup": 1,
    "maxNumberOfMobsPerGroup": 1,
    "restrictionBiomes": [
      {
        "value": "CUSTOM:WindsweptHollow"
      }
    ],
    "spawnInDungeons": false
  }
}