{
  "_fv": 66,
  "_type": "musicdisc",
  "definition": {
    "name": "Music Disc",
    "rarity": "RARE",
    "texture": "chasms_music_disc",
    "description": "MONST3R MUSIC - From Within",
    "creativeTabs": [
      {
        "value": "CUSTOM:TheDeepVoid"
      }
    ],
    "specialInformation": {
      "fixedValue": []
    },
    "glowCondition": {
      "fixedValue": false
    },
    "music": {
      "value": "CUSTOM:from_within_monst3r_music"
    },
    "lengthInTicks": 3840,
    "analogOutput": 6
  }
}