{
  "_fv": 66,
  "_type": "recipe",
  "definition": {
    "recipeType": "Stone cutting",
    "recipeRetstackSize": 2,
    "group": "",
    "cookingBookCategory": "MISC",
    "xpReward": 0.0,
    "cookingTime": 200,
    "craftingBookCategory": "MISC",
    "recipeShapeless": false,
    "stoneCuttingInputStack": {
      "value": "CUSTOM:CinnabarMonolithStone"
    },
    "stoneCuttingReturnStack": {
      "value": "CUSTOM:CinnabarMonolithStoneSlab"
    },
    "name": "cinnabar_monolith_stone_slab_stone_cutter",
    "namespace": "mod"
  }
}