{
  "_fv": 66,
  "_type": "trimmaterial",
  "definition": {
    "name": "Cinnabar",
    "item": {
      "value": "CUSTOM:RefinedCinnabar"
    },
    "color1": {
      "value": -14655,
      "falpha": 0.0
    },
    "color2": {
      "value": -1544862,
      "falpha": 0.0
    },
    "color3": {
      "value": -2400942,
      "falpha": 0.0
    },
    "color4": {
      "value": -3848902,
      "falpha": 0.0
    },
    "color5": {
      "value": -3392722,
      "falpha": 0.0
    },
    "color6": {
      "value": -6082779,
      "falpha": 0.0
    },
    "color7": {
      "value": -8444643,
      "falpha": 0.0
    },
    "color8": {
      "value": -10085097,
      "falpha": 0.0
    }
  }
}