{
  "_fv": 66,
  "_type": "plant",
  "definition": {
    "renderType": 2,
    "texture": "old_corpse",
    "textureBottom": "",
    "customModelName": "old_corpse:default",
    "itemTexture": "bone_pile_item",
    "particleTexture": "block_of_bone_pile",
    "tintType": "No tint",
    "isItemTinted": false,
    "plantType": "normal",
    "suspiciousStewEffect": "SPEED",
    "suspiciousStewDuration": 100,
    "growapableSpawnType": "Cave",
    "growapableMaxHeight": 3,
    "customBoundingBox": true,
    "disableOffset": false,
    "boundingBoxes": [
      {
        "mx": 0.0,
        "my": 0.0,
        "mz": 0.0,
        "Mx": 16.0,
        "My": 16.0,
        "Mz": 16.0,
        "subtract": false
      }
    ],
    "name": "Corpse",
    "specialInformation": {
      "fixedValue": []
    },
    "creativeTabs": [],
    "hardness": 0.6,
    "resistance": 1.0,
    "luminance": 0,
    "unbreakable": false,
    "isSolid": false,
    "isCustomSoundType": false,
    "soundOnStep": {
      "value": "BONE"
    },
    "breakSound": {
      "value": ""
    },
    "stepSound": {
      "value": ""
    },
    "placeSound": {
      "value": ""
    },
    "hitSound": {
      "value": ""
    },
    "fallSound": {
      "value": ""
    },
    "useLootTableForDrops": false,
    "customDrop": {
      "value": "Items.BONE"
    },
    "dropAmount": 4,
    "forceTicking": false,
    "emissiveRendering": false,
    "hasTileEntity": false,
    "isReplaceable": false,
    "colorOnMap": "DEFAULT",
    "creativePickItem": {
      "value": "CUSTOM:OldCorpse"
    },
    "offsetType": "NONE",
    "aiPathNodeType": "DEFAULT",
    "flammability": 0,
    "fireSpreadSpeed": 0,
    "jumpFactor": 1.0,
    "speedFactor": 1.0,
    "canBePlacedOn": [
      {
        "value": "CUSTOM:BlockOfBonePile"
      }
    ],
    "isBonemealable": false,
    "frequencyOnChunks": 3,
    "generateFeature": true,
    "restrictionBiomes": [
      {
        "value": "CUSTOM:ForgottenValley"
      },
      {
        "value": "CUSTOM:GrimCanopy"
      },
      {
        "value": "CUSTOM:MourningGraveyard"
      },
      {
        "value": "CUSTOM:GloomyDeathgrounds"
      },
      {
        "value": "CUSTOM:DriftingMonoliths"
      },
      {
        "value": "CUSTOM:WatchingUndergrowth"
      },
      {
        "value": "CUSTOM:FilledGraveyard"
      },
      {
        "value": "CUSTOM:GatheringGrounds"
      }
    ],
    "generationType": "Flower",
    "patchSize": 1,
    "generateAtAnyHeight": false,
    "onNeighbourBlockChanges": {
      "name": "CorpseNeighbourBlockChanges"
    },
    "onDestroyedByPlayer": {
      "name": "CorpseSpawnPlantDestroyedByPlayer"
    }
  }
}