{
  "_fv": 66,
  "_type": "feature",
  "definition": {
    "skipPlacement": false,
    "generationStep": "SURFACE_STRUCTURES",
    "restrictionBiomes": [
      {
        "value": "CUSTOM:MourningGraveyard"
      },
      {
        "value": "CUSTOM:FilledGraveyard"
      }
    ],
    "featurexml": "<xml xmlns=\"https://developers.google.com/blockly/xml\"><block type=\"feature_container\" deletable=\"false\" x=\"40\" y=\"40\"><value name=\"feature\"><block type=\"feature_simple_block\"><value name=\"block\"><block type=\"state_provider_weighted\"><mutation xmlns=\"http://www.w3.org/1999/xhtml\" inputs=\"3\"></mutation><field name=\"weight0\">1</field><field name=\"weight1\">1</field><field name=\"weight2\">1</field><value name=\"entry0\"><block type=\"blockstate_selector\"><mutation xmlns=\"http://www.w3.org/1999/xhtml\" inputs=\"0\"></mutation><field name=\"block\">CUSTOM:OldCorpse</field></block></value><value name=\"entry1\"><block type=\"blockstate_selector\"><mutation xmlns=\"http://www.w3.org/1999/xhtml\" inputs=\"0\"></mutation><field name=\"block\">CUSTOM:OldCoveredCorpse</field></block></value><value name=\"entry2\"><block type=\"blockstate_selector\"><mutation xmlns=\"http://www.w3.org/1999/xhtml\" inputs=\"0\"></mutation><field name=\"block\">CUSTOM:OldLayingCorpse</field></block></value></block></value></block></value><next><block type=\"placement_in_square\"><next><block type=\"placement_count\"><value name=\"count\"><block type=\"int_provider_uniform\"><field name=\"min\">1</field><field name=\"max\">4</field></block></value><next><block type=\"placement_heightmap\"><field name=\"heightmap\">OCEAN_FLOOR_WG</field><next><block type=\"placement_block_predicate_filter\"><value name=\"condition\"><block type=\"block_predicate_all_of\"><mutation xmlns=\"http://www.w3.org/1999/xhtml\" inputs=\"2\"></mutation><value name=\"condition0\"><block type=\"block_predicate_is_air\"></block></value><value name=\"condition1\"><block type=\"block_predicate_solid\"><field name=\"x\">0</field><field name=\"y\">-1</field><field name=\"z\">0</field></block></value></block></value></block></next></block></next></block></next></block></next></block><block type=\"feature_custom_structure\" x=\"214\" y=\"636\"><field name=\"structure\">corpse_struc</field><field name=\"x\">0</field><field name=\"y\">0</field><field name=\"z\">0</field><field name=\"random_rotation\">TRUE</field><field name=\"random_mirror\">TRUE</field><value name=\"ignored_blocks\"><block type=\"block_holderset_list\"><mutation xmlns=\"http://www.w3.org/1999/xhtml\" inputs=\"2\"></mutation><field name=\"block0\">Blocks.AIR</field><field name=\"block1\">Blocks.STRUCTURE_BLOCK</field></block></value></block></xml>"
  }
}