{
  "_fv": 66,
  "_type": "achievement",
  "definition": {
    "achievementName": "Cover Me With Onyx",
    "achievementDescription": "Wear a piece of onyx armor",
    "achievementIcon": {
      "value": "CUSTOM:OnyxArmor.body"
    },
    "background": "Default",
    "disableDisplay": false,
    "showPopup": true,
    "announceToChat": true,
    "hideIfNotCompleted": false,
    "rewardLoot": [],
    "rewardRecipes": [],
    "rewardFunction": "No function",
    "rewardXP": 0,
    "achievementType": "goal",
    "parent": {
      "value": "CUSTOM:ShiningDarknessInDeepestParts"
    },
    "triggerxml": "<xml xmlns=\"https://developers.google.com/blockly/xml\"><block type=\"advancement_trigger\" deletable=\"false\" x=\"40\" y=\"80\"><next><block type=\"custom_trigger\"></block></next></block></xml>"
  }
}