{
  "_fv": 66,
  "_type": "biome",
  "definition": {
    "name": "Crawler Nest",
    "groundBlock": {
      "value": "CUSTOM:BlockOfSkullPile"
    },
    "undergroundBlock": {
      "value": "CUSTOM:BlockOfSkullPile"
    },
    "underwaterBlock": {
      "value": "CUSTOM:BlockOfBonePile"
    },
    "airColor": {
      "value": -16777216,
      "falpha": 0.0
    },
    "grassColor": {
      "value": -14211547,
      "falpha": 0.0
    },
    "foliageColor": {
      "value": -14211547,
      "falpha": 0.0
    },
    "waterColor": {
      "value": -16777216,
      "falpha": 0.0
    },
    "waterFogColor": {
      "value": -16777216,
      "falpha": 0.0
    },
    "ambientSound": {
      "value": "CUSTOM:insects_crawling_loud"
    },
    "additionsSound": {
      "value": "CUSTOM:insect_fly"
    },
    "music": {
      "value": "CUSTOM:from_within_monst3r_music"
    },
    "moodSound": {
      "value": ""
    },
    "moodSoundDelay": 6000,
    "spawnParticles": true,
    "particleToSpawn": {
      "value": "CUSTOM:Fly"
    },
    "particlesProbability": 0.4,
    "rainingPossibility": 0.0,
    "temperature": 1.8,
    "spawnBiome": false,
    "spawnInCaves": false,
    "spawnBiomeNether": false,
    "genTemperature": {
      "min": 0.0,
      "max": 0.8012
    },
    "genHumidity": {
      "min": 0.2,
      "max": 0.8
    },
    "genContinentalness": {
      "min": 0.2,
      "max": 0.8
    },
    "genErosion": {
      "min": 0.0,
      "max": 2.0
    },
    "genWeirdness": {
      "min": -0.1,
      "max": 1.5
    },
    "treesPerChunk": 0,
    "vanillaTreeType": "Default",
    "treeType": 0,
    "minHeight": 7,
    "treeStem": {
      "value": ""
    },
    "treeBranch": {
      "value": ""
    },
    "treeVines": {
      "value": ""
    },
    "treeFruits": {
      "value": ""
    },
    "defaultFeatures": [
      "Caves",
      "Ores"
    ],
    "spawnStronghold": false,
    "spawnMineshaft": false,
    "spawnMineshaftMesa": false,
    "spawnPillagerOutpost": false,
    "villageType": "none",
    "spawnWoodlandMansion": false,
    "spawnJungleTemple": false,
    "spawnDesertPyramid": false,
    "spawnSwampHut": false,
    "spawnIgloo": false,
    "spawnOceanMonument": false,
    "spawnShipwreck": false,
    "spawnShipwreckBeached": false,
    "spawnBuriedTreasure": false,
    "oceanRuinType": "NONE",
    "spawnNetherBridge": false,
    "spawnNetherFossil": false,
    "spawnBastionRemnant": false,
    "spawnEndCity": false,
    "spawnRuinedPortal": "NONE",
    "spawnEntries": [
      {
        "entity": {
          "value": "CUSTOM:BoneCrawler"
        },
        "minGroup": 1,
        "maxGroup": 2,
        "weight": 2,
        "spawnType": "monster"
      }
    ]
  }
}